21,Sky Mirage,1,,,2018-10-24 18:39:20 UTC,2018-10-24 18:39:20 UTC,"",false
20,Reedisblue,1,,,2018-10-11 16:55:12 UTC,2018-10-11 16:55:12 UTC,"https://res.cloudinary.com/dafwvtnmf/video/upload/ac_mp3,br_2359k,q_100/v1539262268/FRAGILMUSIQUE013A1MASTER_hvhwgc.mp3",false
19,Nac,2,,,2018-10-11 16:54:49 UTC,2018-10-11 16:54:49 UTC,"https://res.cloudinary.com/dafwvtnmf/video/upload/ac_mp3,q_100/v1539262260/FRAGILMUSIQUE013A2MASTER_kpgqok.mp3	",false
18,Zigafu,3,,,2018-10-11 16:54:22 UTC,2018-10-11 16:54:22 UTC,"https://res.cloudinary.com/dafwvtnmf/video/upload/ac_mp3,q_100/v1539262252/FRAGILMUSIQUE013B1MASTER_xistdy.mp3	",false
17,Tlef,4,,,2018-10-11 16:53:58 UTC,2018-10-11 16:53:58 UTC,"https://res.cloudinary.com/dafwvtnmf/video/upload/ac_mp3,q_100/v1539262255/FRAGILMUSIQUE013B2MASTER_w5yhpj.mp3	",false
16,Picabia,5,,,2018-10-11 16:53:36 UTC,2018-10-11 16:53:36 UTC,"https://res.cloudinary.com/dafwvtnmf/video/upload/ac_mp3,q_100/v1539262256/FRAGILMUSIQUE013B3MASTER_bklvsx.mp3",false
15,Le Havre,1,,,2018-10-11 16:52:46 UTC,2018-10-11 16:52:46 UTC,"https://res.cloudinary.com/dafwvtnmf/video/upload/ac_mp3,q_100/v1539255233/02_Bluereed_-_Le_Havre_lkbv2m.mp3",false
14,Deepdapdop,1,,,2018-10-11 16:52:18 UTC,2018-10-11 16:52:18 UTC,"",false
13,Dimdamdom,2,,,2018-10-11 16:52:02 UTC,2018-10-11 16:52:02 UTC,"",false
12,一,1,,,2018-10-11 16:51:34 UTC,2018-10-11 16:51:34 UTC,"https://res.cloudinary.com/dafwvtnmf/video/upload/ac_mp3,q_100/v1539261498/Ronde_loop_bluereed_8_kk9h5h.mp3",false
11,二,2,,,2018-10-11 16:50:58 UTC,2018-10-11 16:50:58 UTC,"https://res.cloudinary.com/dafwvtnmf/video/upload/ac_mp3,q_100/v1539261495/OKTOPHONIE_LOOP_RONDE_MYAKO_13_upjdvw.mp3",false
10,三,3,,,2018-10-11 16:50:31 UTC,2018-10-11 16:50:31 UTC,"https://res.cloudinary.com/dafwvtnmf/video/upload/ac_mp3,q_100/v1539261495/OKTOPHONIE_LOOP_RONDE_MYAKO_12_nunbtz.mp3",false
9,四,4,,,2018-10-11 16:49:53 UTC,2018-10-11 16:49:53 UTC,"https://res.cloudinary.com/dafwvtnmf/video/upload/ac_mp3,q_100/v1539261495/RONDE_LOOP_02_BLUEREED_w7ur5t.mp3",false
8,五,5,,,2018-10-11 16:49:27 UTC,2018-10-11 16:49:27 UTC,"https://res.cloudinary.com/dafwvtnmf/video/upload/ac_mp3,q_100/v1539261492/Ronde_loop_bluereed_5_l4gekq.mp3",false
7,六,6,,,2018-10-11 16:48:54 UTC,2018-10-11 16:48:54 UTC,"https://res.cloudinary.com/dafwvtnmf/video/upload/ac_mp3,q_100/v1539261490/RONDE_LOOP_02_MYAKO_jpwosu.mp3",false
6,七,7,,,2018-10-11 16:48:25 UTC,2018-10-11 16:48:25 UTC,"https://res.cloudinary.com/dafwvtnmf/video/upload/ac_mp3,q_100/v1539261490/RONDE_LOOP_02_MYAKO_jpwosu.mp3",false
4,White Tiger,4,,,2018-10-10 16:34:40 UTC,2018-10-24 13:18:37 UTC,"https://res.cloudinary.com/dafwvtnmf/video/upload/ac_mp3,q_100/v1539024481/04_White_Tiger_Czech_Anthem_microGranny_Remix_bln58a.mp3",true
3,Edison,1,,,2018-10-10 16:33:59 UTC,2018-10-10 16:33:59 UTC,"https://res.cloudinary.com/dafwvtnmf/video/upload/ac_mp3,q_100/v1539093213/01_Edison_h94b7z.mp3	",false
2,Huayna Potosi,2,,,2018-10-10 16:33:24 UTC,2018-10-10 16:33:24 UTC,"https://res.cloudinary.com/dafwvtnmf/video/upload/ac_mp3,q_100/v1539093212/02_Huayna_Potosi_jxveob.mp3	",false
1,Spider Monkey,3,,,2018-10-10 16:32:31 UTC,2018-10-10 16:32:51 UTC,"https://res.cloudinary.com/dafwvtnmf/video/upload/ac_mp3,q_100/v1539093226/03_Spider_Monkey_an1bgt.mp3",false
